[{"id":1,"name":"珠峰","password":"8376ac810bb9f231d28fcf1f","sex":"1","email":"1144709265@qq.com","phone":"18310612838","departmentId":"4","jobId":"1","desc":"珠峰培训最高管理员账户","time":1568640222269,"state":0},{"id":2,"name":"周啸","password":"8376ac810bb9f231d28fcf1f","sex":"0","email":"zhouxiaotian@qq.com","phone":"13041086186","departmentId":"1","jobId":"5","desc":"","time":1568640222269,"state":0},{"id":7,"name":"魏威杰","password":"8376ac810bb9f231d28fcf1f","sex":"0","email":"8809990@qq.com","phone":"19337676723","departmentId":"1","jobId":"1","desc":"我很帅","time":1592206830048,"state":0,"userId":"null"},{"id":8,"name":"aaa","password":"8376ac810bb9f231d28fcf1f","sex":"0","email":"1010@qq.com","phone":"12345678901","departmentId":"1","jobId":"1","desc":"电扇很凉快","time":1592538480796,"state":0,"userId":"null"}]